date,message,sender_id
2025-01-21 14:10:38+00:00,"I'd be very surprised if this does not hit minimum 50-60m which is 10x from Jamie's shill 

He has mad hit rate",-1002243200666
2025-01-21 13:57:46+00:00,"First gamble in a hot sec 

Lots of smart people I know entered

New potential meta if it catches on 40M volume shows theres lots of interest in this narrative

https://dexscreener.com/solana/aeoknuwjeu6xhkeyksqfba8ovtohdjmcnchc1rcexn8j

https://x.com/NewsyJohnson/status/1881691644829040677",-1002243200666
2025-01-21 13:55:07+00:00,"Aped super hard, find dips. 

7MxBy391erAtPnjUH6ZJsjJzk2pNxCqLFKNowXF1pump

Jamie shilled something after months and he is 9 figs so worth a punt",-1002243200666
2025-01-21 13:46:37+00:00,"ZachXBT spent 5 years studying the best scammers and extractors and then applied that knowledge to extract 5m in 1 hour 

poetic",-1002243200666
2025-01-21 13:37:47+00:00,"$TRUMP twitter handle shilling $AIB 

https://x.com/gettrumpmemes/status/1881693734351536417?s=46

100m soon",-1002243200666
2025-01-21 13:34:26+00:00,This feels better than a 6 fig PNL,-1002243200666
2025-01-21 13:02:27+00:00,"MICROSTRATEGY ACQUIRES ANOTHER 11,000 BITCOIN: FILING

üîó [velo.xyz](https://velo.xyz/news/953)",-1002243200666
2025-01-21 12:02:23+00:00,,-1002243200666
2025-01-21 11:46:17+00:00,https://x.com/missoralways/status/1881669607477715448,-1002243200666
2025-01-21 11:39:25+00:00,100k to 4.5m ‚Äî> 45x on $DOGE,-1002243200666
2025-01-21 11:35:54+00:00,"Mooning and dev just nuked, send it.",-1002243200666
2025-01-21 11:30:49+00:00,Gamble,-1002243200666
2025-01-21 11:30:46+00:00,"https://doge.gov/

9RNBNtDj5WJFJnBypJbqgxHVLqCivg1yMDmCX9ympump",-1002243200666
2025-01-21 11:13:10+00:00,"GM

https://x.com/missoralways/status/1881657887703118320",-1002243200666
2025-01-21 02:40:24+00:00,"https://x.com/EricTrump/status/1881532099334975533

$AIB",-1002243200666
2025-01-20 23:33:46+00:00,its hacked dont ape MAGA,-1002243200666
2025-01-20 23:26:54+00:00,https://x.com/i/broadcasts/1YpKkllqyAEGj,-1002243200666
2025-01-20 22:27:59+00:00,Added more $AIB bc nothing else to bid today and the single sided pools are decreasing ‚Äî maybe the narrative can finally play out soon,-1002243200666
2025-01-20 22:24:12+00:00,,-1002243200666
2025-01-20 22:22:46+00:00,"https://x.com/POTUS 

Check the pinned tweet",-1002243200666
2025-01-20 21:51:27+00:00,lets see how this looks in a few days,-1002243200666
2025-01-20 21:36:34+00:00,"Wont post ca yet since dev wallet still holds alot of supply 

but they sent tate 6.9%",-1002243200666
2025-01-20 21:34:44+00:00,Issa launched?,-1002243200666
2025-01-20 21:30:03+00:00,Any Tateler coins to bid?,-1002243200666
2025-01-20 20:41:00+00:00,,-1002243200666
2025-01-20 20:37:35+00:00,Donald trump‚Äôs assistant,-1002243200666
2025-01-20 20:37:03+00:00,https://x.com/presssec/status/1881440753223868789?s=46,-1002243200666
2025-01-20 20:31:10+00:00,"MAGA chart for reference 

$AIB will cook give it time",-1002243200666
2025-01-20 20:22:38+00:00,https://x.com/solidintel_x/status/1881435350951940517,-1002243200666
2025-01-20 20:21:14+00:00,7vR41UroKdbvHREJK7NeAvRU6vruwDLY2ritpyAVpump,-1002243200666
2025-01-20 20:07:42+00:00,"Maga went to what 1 billion? 

You think $AIB the new presidential slogan and the banner for POTUS and White house won't do 10% of that?",-1002243200666
2025-01-20 19:19:14+00:00,"**AMERICA IS BACK. ****üá∫üá∏**

Every single day I will be fighting for you with every breath in my body. I will not rest until we have delivered the strong, safe and prosperous America that our children deserve and that you deserve. This will truly be the golden age of America.",-1002243200666
2025-01-20 19:05:30+00:00,One of the greatest on chain trader I know just aped $AIB,-1002243200666
2025-01-20 18:58:06+00:00,"Looks like a 100m narrative 

https://x.com/elonmusk/status/1881415565065224194

5GfXzzdxUZ4QEwwa5hhBMEazFSp9EhtYvm8RFLxrgyVc",-1002243200666
2025-01-20 18:24:39+00:00,,-1002243200666
2025-01-20 18:24:12+00:00,"One last dance before the music stops. 

LOCK IN!",-1002243200666
2025-01-20 18:13:09+00:00,- Pelosi went long with a year expiry,-1002243200666
2025-01-20 18:02:21+00:00,"Trump mentioning crypto would probably be a sell the news event.

It is 99% clear he will do plenty of stuff within this industry if not demonstrated by the past 72 hours.

Today is day 1.

Calm down.",-1002243200666
2025-01-20 17:55:38+00:00,"Trump purchased 47M worth of BTC just now and you think its over?

https://x.com/BitcoinMagazine/status/1881396515547324912",-1002243200666
2025-01-20 17:08:22+00:00,Manipulation before new highs,-1002243200666
2025-01-20 17:06:16+00:00,Prepare for war,-1002243200666
2025-01-20 17:06:13+00:00,CRYPTO NOT MENTIONED AS IMMEDIATE PRIORITY IN DOCUMENT SENT BY REPUBLICAN LAWMAKERS: PUNCHBOWL https://x.com/JakeSherman/status/1881386387305627955,-1002243200666
2025-01-20 17:02:38+00:00,CQeLUzZktFcDa5kJfa844kxK51X7BzxorVDGqLvpump,-1002243200666
2025-01-20 16:55:56+00:00,Barron and Shkreli are going to do insane amounts of crime starting today,-1002243200666
2025-01-20 16:43:09+00:00,7-8x on infinite LP again,-1002243200666
2025-01-20 16:02:38+00:00,Wow,-1002243200666
2025-01-20 16:00:37+00:00,"Gambled 

71mkdD5mtg6nMaLiawqQ3RvBE1MCM8qTaGgXaCLspump

https://x.com/sunnya97/status/1881367803254698469?s=46

Dude is followed by Pmarca and toly",-1002243200666
2025-01-20 15:56:56+00:00,"Sentiments across the board are bearish, people calling for cycle top which is retarded.

I understand derisking to mitigate risk. But to be a bear right now is insane. 

We might see a small blow off top today or in the next few days but the music won‚Äôt stop for atleast 4-8 weeks. 

Make the most of the last dance. 

See you in the order books.",-1002243200666
2025-01-20 14:47:33+00:00,GM,-1002243200666
2025-01-20 07:08:59+00:00,"https://www.lummis.senate.gov/wp-content/uploads/BITCOIN-Act-FINAL.pdf


See you at 1B",-1002243200666
2025-01-20 07:03:12+00:00,"Alpha I believe $SBR

2HHgCLfKA5Rd1Fn9xAxfYzS3XoR5NnuxKDYz2EmWpump

100m in a day I guess",-1002243200666
2025-01-20 05:51:33+00:00,"New logo for a16z

https://x.com/pmarca/status/1881217283399553196",-1002243200666
2025-01-20 05:51:14+00:00,"THIS

HLiU2MegSdLkQpQrvbgc5EXTW7cUtj7M6q4bwMW2pump",-1002243200666
2025-01-20 05:20:28+00:00,Already 4x and sending,-1002243200666
2025-01-20 05:20:24+00:00,https://x.com/pmarca/status/1881208582324322341?s=46,-1002243200666
2025-01-20 05:18:55+00:00,m5Mp8ADpKppNfABmQKsF4NhPBuUdkc23dGR3miQpump,-1002243200666
2025-01-20 01:09:35+00:00,"Just survive January and sell in feb-march, bright times ahead.",-1002243200666
2025-01-20 01:00:15+00:00,its over,-1002243200666
2025-01-20 01:00:13+00:00,236.68$,-1002243200666
2025-01-20 00:25:38+00:00,"Trump just RT'd this again, another soft shill?

https://x.com/realDonaldTrump/status/1880446012168249386",-1002243200666
2025-01-19 23:36:43+00:00,"wild turn of events but gonna let it play out, narrative is relevant despite PA.",-1002243200666
2025-01-19 23:17:12+00:00,"A lot of dips on good ones, place your bets and manage your risk. Everything should bounce once the chaos settles.",-1002243200666
2025-01-19 23:03:33+00:00,,-1002243200666
2025-01-19 23:01:59+00:00,Trump keeps saying WIN,-1002243200666
2025-01-19 23:01:51+00:00,"EMtWBVRmYnHTkitU4PnpfamD7yfPkUxHvi23aZyZpump

Should cook hard",-1002243200666
2025-01-19 22:51:37+00:00,Real market cap is 10% of FDV so like 600m right now,-1002243200666
2025-01-19 22:51:07+00:00,"Not really a fan of how things are looking right now but game is game 

Took a chance",-1002243200666
2025-01-19 22:42:23+00:00,"Trump launched a coin for his wife and entire on chain is in chaos, women. LOL.",-1002243200666
2025-01-19 22:41:37+00:00,"Okay, what‚Äôs happening?",-1002243200666
2025-01-19 15:33:43+00:00,Remember I said alpha soon? It‚Äôs coming in a day or two.,-1002243200666
2025-01-19 13:37:33+00:00,"Smash chads

https://x.com/missoralways/status/1880972827655852083?s=46",-1002243200666
2025-01-19 13:34:59+00:00,"Hope you got back in/are holding 

This is going to levels that will you cope",-1002243200666
2025-01-19 13:30:49+00:00,https://x.com/missoralways/status/1880971090497069236?s=46,-1002243200666
2025-01-19 13:08:36+00:00,"Insane motion on the channel right now, I understand apes are hungry as fuck but please don‚Äôt ape for a 2-3x because that‚Äôs how you‚Äôre gonna miss on a 50x trade.

Take initials and ride, this isn‚Äôt the time to quick flip.",-1002243200666
2025-01-19 13:03:36+00:00,"Holding this one, meme room news soon.",-1002243200666
2025-01-19 12:45:19+00:00,"Simple can‚Äôt stop making money innit 

5x $MEMEROOM",-1002243200666
2025-01-19 12:44:15+00:00,https://x.com/warlorddilley/status/1857211731828736076?s=46,-1002243200666
2025-01-19 12:42:26+00:00,"Good luck 

9nMh5n7NuacKnVWNoGtVTxivbtz8CKjZPqy9AYQFpump",-1002243200666
2025-01-19 11:45:25+00:00,1m to 7m $SSR,-1002243200666
2025-01-19 11:32:57+00:00,"He‚Äôs a VC 

And his coin is sitting at 4m? Don‚Äôt fade",-1002243200666
2025-01-19 11:23:09+00:00,He‚Äôs a very connected guy,-1002243200666
2025-01-19 11:23:00+00:00,https://x.com/enigmafund/status/1880937812368765398?s=46,-1002243200666
2025-01-19 10:54:16+00:00,"Think of a target and double it 

See you higher",-1002243200666
2025-01-19 10:51:14+00:00,"This might cook 

7d5uLATMiAoRC1n9yNc7VCrhx44H6bjEzDx7Gxuhpump

This guy is really reputed and has helped some big teams 

https://x.com/EnigmaFund/status/1880925949933330547",-1002243200666
2025-01-19 08:52:14+00:00,"200m to 64B ‚Äî> 320x $TRUMP

Probably the biggest cook in the history of trenches",-1002243200666
2025-01-19 08:51:27+00:00,TRUMP,-1002243200666
2025-01-19 07:43:19+00:00,"WE'RE GONNA $WIN SO MUCH YOU MAY EVEN GET TIRED OF WINNING AND YOU'LL SAY PLEASE PLEASE IT'S TOO MUCH WINNING WE CAN'T TAKE IT ANYMORE MR PRESIDENT ITS TOO MUCH AND ILL SAY NO IT ISN'T WE HAVE TO KEEP WINNING WE HAVE TO $WIN MORE

https://fxtwitter.com/traderpow/status/1880882223223890078

It's a movement now",-1002243200666
2025-01-19 07:34:08+00:00,EMtWBVRmYnHTkitU4PnpfamD7yfPkUxHvi23aZyZpump,-1002243200666
2025-01-19 07:24:26+00:00,GM,-1002243200666
2025-01-19 07:24:22+00:00,277.34$,-1002243200666
2025-01-19 00:54:22+00:00,"Never ape any random trump supporter coin ever, they gonna farm us.",-1002243200666
2025-01-19 00:47:59+00:00,Billions and billions,-1002243200666
2025-01-19 00:33:31+00:00,"Another government person launch 

https://x.com/RealTina40/status/1880773692470575511

 3cZVE5McmW6vtbsFAJhLVemhvcN1z36rn5gHCGyApump",-1002243200666
2025-01-18 23:45:01+00:00,Well maybe I got lucky,-1002243200666
2025-01-18 23:41:48+00:00,LONGED $PEPE,-1002243200666
2025-01-18 23:37:18+00:00,"Not gonna lie, I sold before this.",-1002243200666
2025-01-18 23:37:07+00:00,wow,-1002243200666
2025-01-18 23:31:40+00:00,"**Vitalik X profile change: Profile Image: ****https://pbs.twimg.com/profile_images/1880759183470899200/-LX3Macs.jpg**** -> ****https://pbs.twimg.com/profile_images/1880759276169224192/rXpjZO0A.jpg****
**
Vitalik X‰∏™‰∫∫ËµÑÊñôÂèòÂä®: ‰∏™‰∫∫ËµÑÊñôÂõæÁâáÔºöhttps://pbs.twimg.com/profile_images/1880759183470899200/-LX3Macs.jpg -> https://pbs.twimg.com/profile_images/1880759276169224192/rXpjZO0A.jpg


‚Äî‚Äî‚Äî‚Äî‚Äî‚Äî‚Äî‚Äî‚Äî‚Äî‚Äî‚Äî
2025-01-19 07:28:52
source: https://twitter.com/VitalikButerin",-1002243200666
2025-01-18 23:31:13+00:00,"HB2pjBPuquh1XGEVC1GCKepdh4daoJnkJiHFmaorfBWu

VB changed picture to a Milady, I hold no ETH anymore so I bid on SOL one lol.",-1002243200666
2025-01-18 21:40:04+00:00,Bridging ETH to SOL to ape more TRUMP,-1002243200666
2025-01-18 21:39:50+00:00,nvm ETH is cursed and cucked and dead,-1002243200666
2025-01-18 21:31:45+00:00,Infinite money glitch in real sense,-1002243200666
2025-01-18 21:18:25+00:00,"Aped all my ETH here in $CULT 

https://dexscreener.com/ethereum/0xc4ce8e63921b8b6cbdb8fcb6bd64cc701fb926f2

https://x.com/VitalikButerin/status/1880723497393201460",-1002243200666
2025-01-18 19:58:54+00:00,3x,-1002243200666
2025-01-18 19:32:14+00:00,"If you are not subbed to A's Alpha this quarter, I don't know what to tell you.",-1002243200666
2025-01-18 19:29:43+00:00,Marcell said he will buy once this is 50m,-1002243200666
2025-01-18 19:16:36+00:00,Bottom sniped $WIN,-1002243200666
2025-01-18 19:09:55+00:00,"```EMtWBVRmYnHTkitU4PnpfamD7yfPkUxHvi23aZyZpump```

https://www.youtube.com/watch?v=Ryvkwx8BFss

Watching $WIN seems like a good narrative",-1002243200666
2025-01-18 18:30:11+00:00,Wait SOL hit 270?!,-1002243200666
2025-01-18 18:00:20+00:00,"also GM

still processing what an absolute blessing of a day it has been 

Lock in gonna send more gems",-1002243200666
2025-01-18 17:49:06+00:00,Trump now shilling again,-1002243200666
2025-01-18 17:49:01+00:00,"üîÑ **Retweet** from **realDonaldTrump**

**RT** @EricTrump: I am extremely proud of what we continue to accomplish in crypto. $Trump is currently the hottest digital meme on earth and I truly believe that @WorldLibertyFi will revolutionize DeFi/Cefi and will be the future of finance. We are just getting started! üöÄüöÄ https://x.com/zguz/status/1880621420302225606",-1002243200666
2025-01-18 11:39:40+00:00,https://x.com/missoralways/status/1880580741983326218?s=46,-1002243200666
2025-01-18 11:33:50+00:00,200m to 25B ‚Äî> Unlimited Xs $TRUMP,-1002243200666
2025-01-18 10:44:16+00:00,"[BINANCE] [Binance Futures Will Launch USD‚ìà-Margined TRUMPUSDT Perpetual Contract With up to 25x Leverage](https://www.binance.com/en/support/articles/82ac4437417c4876895c7262a4245bf0)
10:43:13-445 +1",-1002243200666
2025-01-18 10:43:05+00:00,"It took me 2 cycles, hours of trenching, 7 figs roundtrips, countless rugs. 

And here we are, we deserve it all. 

Love you guys",-1002243200666
2025-01-18 09:05:53+00:00,Worlds greatest president,-1002243200666
2025-01-18 08:10:32+00:00,"It‚Äôs only the biggest coin in history of humanity after BTC itself.
Higher.",-1002243200666
2025-01-18 07:48:59+00:00,"Any TA experts here?

Send me some TA on SOL",-1002243200666
2025-01-18 07:39:54+00:00,"Unfollow anyone that was shilling you beta coins instead of telling you to buy $TRUMP because they missed it 

I‚Äôm serious",-1002243200666
2025-01-18 06:57:09+00:00,Give me one dip to 7-8B and I all in on TRUMP,-1002243200666
2025-01-18 06:17:42+00:00,SOL MOONING,-1002243200666
2025-01-18 06:13:04+00:00,15 BILLION,-1002243200666
2025-01-18 05:46:07+00:00,"**JUST IN:** üá∫üá∏ President-elect Trump officially launches $TRUMP crypto meme coin on Solana.

@WatcherGuru",-1002243200666
2025-01-18 05:28:06+00:00,"$TRUMP on HL perps too 

https://app.hyperliquid.xyz/trade/TRUMP",-1002243200666
2025-01-18 05:09:44+00:00,also make sure to follow,-1002243200666
2025-01-18 05:08:36+00:00,"https://x.com/missoralways/status/1880482304021455078

SOL giveaway",-1002243200666
2025-01-18 05:04:01+00:00,"Elon starting to do his thing 

https://x.com/elonmusk/status/1880480825797713921",-1002243200666
2025-01-18 04:22:36+00:00,"People still debating if the coin is real after Trump posted CA on his own twitter 

Some people hate money",-1002243200666
2025-01-18 04:19:45+00:00,"200m to 8 BILLION 

PLAY OF THE YEAR",-1002243200666
2025-01-18 03:52:22+00:00,6 BILLION wow,-1002243200666
2025-01-18 03:10:37+00:00,"Reposted please engage thanks 

https://x.com/missoralways/status/1880452647578398953",-1002243200666
2025-01-18 03:08:07+00:00,"If you sell from bots you are gonna get fucked, use meteora.",-1002243200666
2025-01-18 02:57:39+00:00,"Gave you the stone cold bottom before anyone else 

200m to 3B ‚Äî $TRUMP",-1002243200666
2025-01-18 02:56:33+00:00,This is the next doge,-1002243200666
2025-01-18 02:56:26+00:00,President of the USA launched a memecoin one day before assuming office,-1002243200666
2025-01-18 02:52:08+00:00,Real mcap is 20% btw,-1002243200666
2025-01-18 02:47:12+00:00,"OMG 

HE TWEETED

https://x.com/realDonaldTrump/status/1880446012168249386",-1002243200666
2025-01-18 02:32:19+00:00,Retired,-1002243200666
2025-01-18 02:18:46+00:00,200m to 800m ‚Äî $TRUMP,-1002243200666
2025-01-18 02:05:59+00:00,"Trump launched a memecoin?

https://truthsocial.com/@realDonaldTrump/posts/113846888132979151

```6p6xgHyF7AeE6TZkSmFsko444wqoP15icUSqi2jfGiPN```",-1002243200666
2025-01-18 01:26:52+00:00,Can WinterMute stop extracting money BEFORE they pump a coin?,-1002243200666
2025-01-18 00:13:40+00:00,Oh?,-1002243200666
2025-01-17 13:12:31+00:00,"https://x.com/missoralways/status/1880241672975777927

1 invite to AlphaDAO, engage.",-1002243200666
2025-01-17 12:56:37+00:00,4m to 13m ‚Äî> 3x $PNO,-1002243200666
2025-01-17 12:54:19+00:00,"Shoutout to OCB for the info 

As always fairly early to big runners with info",-1002243200666
2025-01-17 12:50:48+00:00,"https://pyano.fun/ 

You can verify the dev on the website too, click on the calendar next to TG icon.",-1002243200666
2025-01-17 12:48:53+00:00,"Dev: https://x.com/graphicalsob

https://in.linkedin.com/in/saurav1verma

He was Vice President Of Engineering at Polygon",-1002243200666
2025-01-17 12:40:36+00:00,"Gambled here 

dev is ex polygon vp of dev ops

`DDEXoWMyDHpCNCyvg5Pakz5u9AmFzmBjjcs92Ux7pump`",-1002243200666
2025-01-17 11:10:11+00:00,"$LLM curling and looks good

https://x.com/himgajria/status/1880208917466394937",-1002243200666
2025-01-17 11:07:24+00:00,"Almost 0.5E floor price now 

2.5x since post",-1002243200666
2025-01-16 22:02:48+00:00,Little over 2x and looks decent,-1002243200666
2025-01-16 21:51:19+00:00,Alina AI real ca,-1002243200666
2025-01-16 21:51:14+00:00,HPgsCBk6gkTw5FFPYc9WeeBU8EU2Ye1AYmeTYq5apump,-1002243200666
2025-01-16 17:39:56+00:00,almost 2x on infinite LP,-1002243200666
2025-01-16 17:14:53+00:00,,-1002243200666
2025-01-16 15:56:36+00:00,"Watching this, it's a lil complicated since only 5% is circulating supply.

https://x.com/GoatIndexAI/status/1879920357836271897
```Goatm5cqggssKRUwbMnPhHXKtN5SDGEP57qjwTSHD1Xf```",-1002243200666
2025-01-16 15:51:13+00:00,"Longed $ADA 

USA coin narrative and I see it doing well under Trump reign alongside $XRP",-1002243200666
2025-01-16 13:07:52+00:00,"**SSR (****$SSR****) Found in MEXC **

Networks: Solana(SOL) - 

**Notified at:** 2025-01-16 13:03:12.446427
**Notifer:** @CexAlerts",-1002243200666
2025-01-16 12:47:15+00:00,Never stop gambling,-1002243200666
2025-01-16 12:17:01+00:00,"https://x.com/missoralways/status/1879865284653387823

You know the drill",-1002243200666
2025-01-16 12:03:12+00:00,900k to 7m ‚Äî 7x $SSR,-1002243200666
2025-01-16 12:00:38+00:00,Since 50% supply is not circulating I think this does 15-20m easy quick,-1002243200666
2025-01-16 11:46:53+00:00,"$SBR on ETH went to 100m+ 

SOL one should run",-1002243200666
2025-01-16 11:45:35+00:00,"Trump might have a Strategic Solana Reserve 

https://x.com/tier10k/status/1879848376205807718",-1002243200666
2025-01-16 11:44:29+00:00,"Gambled here $SSR 

```6heygeGJ7z1NNBSDZzdDU6315Bgkt5kzrPmDTsmrpump```",-1002243200666
2025-01-16 00:43:43+00:00,"Aped $GAIM

Somehow affiliated with $FXN and their founder also just replied to a tweet

https://x.com/burbabull/status/1879689174175109535?s=46

`53dig5bMmYBGNxDXAGFNjA59mqry3piqTpbFzYKEpump`",-1002243200666
2025-01-15 23:32:40+00:00,https://x.com/Redux_HQ/status/1879670593664299413,-1002243200666
2025-01-15 23:29:47+00:00,"aped this one of the winner of solana hackathon and super low mcap 

```23VdJFdmz8dwFxZfQ24k13jVoQEw9RSKYU2sdgocpump```

https://x.com/sendaifun/status/1879665104314314852",-1002243200666
2025-01-15 14:59:05+00:00,"Trump's SEC Looking To Stop Crypto Enforcements: RTRS

üîó [velo.xyz](https://velo.xyz/news/931)",-1002243200666
2025-01-15 14:06:15+00:00,Bottom on $GNZ and $LLM I hope,-1002243200666
2025-01-15 13:31:08+00:00,CPI giga bullish,-1002243200666
2025-01-15 13:24:30+00:00,GM Investors and trench warriors,-1002243200666
2025-01-15 01:19:56+00:00,"https://opensea.io/collection/hypio

If you‚Äôre wondering",-1002243200666
2025-01-15 01:17:23+00:00,https://x.com/missoralways/status/1879336935526912319?s=46,-1002243200666
2025-01-15 00:54:04+00:00,"some cunt rugged in the name of a cancer patient with whom he made a ""gofundme"" 

he later went on a space and basically shat on everyone and said he doesnt give a shit if the baby dies and a bunch of horrible shit 

anyways the community came together and aped 9% and want to donate it to the actual kid with the gofundme 

https://x.com/RangNFA/status/1879319237858337271

aped, degen 

https://neo.bullx.io/terminal?chainId=1399811149&address=eJqHomKmy4iVcPAPEvtcXGxAg6cFtzbZwyRbwUjpump&r=TXA24QZR5E&l=en

CA

`eJqHomKmy4iVcPAPEvtcXGxAg6cFtzbZwyRbwUjpump`",-1002243200666
2025-01-15 00:53:07+00:00,"Gambled here 

`eJqHomKmy4iVcPAPEvtcXGxAg6cFtzbZwyRbwUjpump`",-1002243200666
2025-01-14 23:37:01+00:00,"Congratulations to Toshi on listing coinbase 

https://x.com/coinbaseassets/status/1879309993716973789?s=46",-1002243200666
2025-01-14 19:36:36+00:00,"Toly just followed them. Aped for a swing trade. 

`BDW8YHasD3NSDjSHU9Xy6KXtshGayMGQfj5bJpLcpump`",-1002243200666
2025-01-14 15:16:01+00:00,"Also beautiful bounce on $LLM

SEND IT",-1002243200666
2025-01-14 15:11:22+00:00,OpenAI will never officially launch a coin so this is a good way to bet on their agent framework,-1002243200666
2025-01-14 15:09:03+00:00,Operator.chatgpt.com,-1002243200666
2025-01-14 15:08:10+00:00,https://x.com/slow_developer/status/1879174401431601623?s=46,-1002243200666
2025-01-14 15:08:08+00:00,"Potential giga narrative but consider a gamble 

Open AI agent $OPERATOR 

`ENTFCmv3n9KK46YZBXceRZo59rKAcWYD65Ycdd2fpump

https://x.com/slow_developer/status/1879174401431601623?s=46`",-1002243200666
2025-01-14 14:16:37+00:00,"Hope you aped $THL with me. 

Posted multiple tweets to show how viral it is, good gains.",-1002243200666
2025-01-14 14:03:01+00:00,https://x.com/missoralways/status/1879167264450343420,-1002243200666
2025-01-14 13:48:14+00:00,2.5m to 6m $THL,-1002243200666
2025-01-14 13:42:18+00:00,https://x.com/MagicEden/status/1879161747397091577,-1002243200666
2025-01-14 13:31:58+00:00,Tap Hold and Load in 4k,-1002243200666
2025-01-14 13:27:35+00:00,"This is to be the most viral slang I've seen being posted by the top pages

Defense forces posting is insane lol",-1002243200666
2025-01-14 13:27:07+00:00,"wtf

https://x.com/IDF/status/1879119959479271584",-1002243200666
2025-01-14 13:26:53+00:00,"Noodles shilling too 

https://x.com/criptopaul/status/1879156587526520896",-1002243200666
2025-01-14 13:20:16+00:00,its starting to get viral,-1002243200666
2025-01-14 13:20:11+00:00,https://x.com/PSG_English/status/1879149519017046211,-1002243200666
2025-01-14 13:17:50+00:00,"faded this for a while, aped now. 

https://x.com/ManUtd/status/1879154500164047064

```GdRUzaVTvJpxtovLoiNjKhAcAfrnmBz3YaZK2xEipump```",-1002243200666
2025-01-14 12:38:28+00:00,"Small gamble here $SHARPEI 

```NjK1ubqD4dfPfq43TfcKMdzHtyEiAFKGxqA2o7jpump```

https://x.com/zimmy_eth/status/1879144762940510703",-1002243200666
2025-01-14 11:45:25+00:00,"turns out to be a farm, sorry for that.",-1002243200666
2025-01-14 09:00:47+00:00,"Not live yet btw, will mention once it does.",-1002243200666
2025-01-14 07:56:10+00:00,"https://x.com/aixbt_agent/status/1879069221591949460

https://x.com/ava_holo/status/1879070245039517707?s=46",-1002243200666
2025-01-14 07:55:06+00:00,"Aped $OVO

Coin by $AVA team it seems which is 250m

`4NQzYfJAHWR9uVa1tjZvUGPfVoWqhQFPpiXAPMGMiWGc`",-1002243200666
2025-01-13 19:21:47+00:00,Alpha soon,-1002243200666
2025-01-13 14:28:55+00:00,"One thing I love about red days is that vapourware and larps never recover from it.

Holding my conviction plays $LLM $GNZ and a few more that I‚Äôm accumulating",-1002243200666
2025-01-13 14:26:48+00:00,"This was local top, tweet was timed well.",-1002243200666
2025-01-12 21:00:19+00:00,"him hinting?

https://x.com/himgajria/status/1878517890367803568",-1002243200666
2025-01-12 20:58:21+00:00,4m GG,-1002243200666
2025-01-12 20:56:39+00:00,https://x.com/stack__sats/status/1878545718073270573,-1002243200666
2025-01-12 20:53:13+00:00,This can potentially run like $LLM if him.eth also approves,-1002243200666
2025-01-12 20:50:39+00:00,"Aped this one at 1m

Being pushed by $ZYN dev giga bullish 

https://x.com/stack__sats/status/1878540036649402609

```DAC9YtbJHjgDTDZZaTTfB5fzQXdXv2ZusKoBQGXMuCq2```",-1002243200666
2025-01-12 20:45:17+00:00,Welp there another one that I didn't know of,-1002243200666
2025-01-12 20:43:42+00:00,"Ticker is golden, will hold dust.",-1002243200666
2025-01-12 20:43:19+00:00,Thanks,-1002243200666
2025-01-12 20:39:39+00:00,https://x.com/blknoiz06/status/1860503026999386379,-1002243200666
2025-01-12 20:34:59+00:00,"Gamble here, not at the screen but saw some KOLs ape early 

$ai16zero
```FcTWGGozqcaL3eRreo6qAnKdw5ZFpv4xnJKNKyJYpump```

nice ticker",-1002243200666
2025-01-12 16:18:46+00:00,https://x.com/missoralways/status/1878476658166100131?s=46,-1002243200666
2025-01-12 14:16:57+00:00,GM quants,-1002243200666
2025-01-11 23:40:17+00:00,"$ANTHRO gemming so hard

What a chart",-1002243200666
2025-01-11 23:24:55+00:00,"Smash for invite to AlphaDAO 

https://x.com/missoralways/status/1878221490044211656",-1002243200666
2025-01-11 23:09:21+00:00,Anthro CTO being led by a few guys that I genuinely trust and know for a while,-1002243200666
2025-01-11 22:53:39+00:00,Feels good to be in a meme after all the AI larps lol,-1002243200666
2025-01-11 22:40:28+00:00,How does this thing have 1700 holders already?,-1002243200666
2025-01-11 22:37:54+00:00,,-1002243200666
2025-01-11 22:27:26+00:00,"5x $ANTHRO 

New chill guy",-1002243200666
2025-01-11 22:23:13+00:00,Bullish,-1002243200666
2025-01-11 22:23:06+00:00,Wait so he originally named this Anthro? But now made a new character for Anthro because everyone named it Chill guy,-1002243200666
2025-01-11 22:22:31+00:00,,-1002243200666
2025-01-11 22:17:44+00:00,Name is legit,-1002243200666
2025-01-11 22:10:47+00:00,"Gamble small because low mcap and market seems to be good for memes today 

New chill guy character 

```GJLwi6tFjiKz4yBAq91jAgpwNUUZEUV9Y26xwKnWpump```",-1002243200666
2025-01-11 22:02:05+00:00,"Anthro 

https://www.instagram.com/p/DEsR4PaJlKI/?img_index=3",-1002243200666
2025-01-11 21:59:09+00:00,Chill guy artist launched a new character?,-1002243200666
2025-01-11 16:11:01+00:00,https://x.com/missoralways/status/1878112344007496056?s=46,-1002243200666
2025-01-11 15:14:54+00:00,Mooning $ANTRO,-1002243200666
2025-01-11 15:09:39+00:00,"AI space is full of crimes, grifters and larps.

There is a huge gap here.",-1002243200666
2025-01-11 15:08:09+00:00,"$AIOS team is due for some clarification 

Explicitly saying it‚Äôs not their token at 10m and now claiming it as their own",-1002243200666
2025-01-11 15:01:42+00:00,Make sure notifications are on,-1002243200666
2025-01-11 15:01:23+00:00,Market is in need of a stealth AI gem,-1002243200666
2025-01-11 11:33:59+00:00,"All my bags are down bad but it‚Äôs fine market is shitting 

Will just continue to hold",-1002243200666
2025-01-11 11:27:02+00:00,Babur the goat,-1002243200666
2025-01-10 23:47:36+00:00,I'll buy the -90% retrace on $KOLWAII after 24 hours of its launch,-1002243200666
2025-01-10 23:18:33+00:00,"Same narrative as $MIRA, coin to help him with the fires Its",-1002243200666
2025-01-10 23:16:45+00:00,50% holder is Bored Elon,-1002243200666
2025-01-10 23:15:58+00:00,"gamble because fuck KOLWAII


```69u2S1me8tCqf4nmzhXerwrKk8PEA6vmqe4QFE3epump```

https://x.com/BoredElonMusk/status/1877848878659379672",-1002243200666
2025-01-10 22:34:36+00:00,"Price prediction with full conviction 

$LLM 500m 
$GNZ 100m
$CPAI 100m",-1002243200666
2025-01-10 22:20:30+00:00,"Toly's first interaction with $GNZ 

https://x.com/aeyakovenko/status/1877810395349754203

100m soon",-1002243200666
2025-01-10 22:17:10+00:00,"Just got off the call with the Kolwaii dev, who wants the CA.",-1002243200666
2025-01-10 20:22:35+00:00,"Jan has been good so far, we caught most fat LP juicers early. 

- $LLM - 6m to 125m --> 20x
- $GNZ - 10m to 56m --> 5.6x
- $ASHA - 2.5m to 25m --> 10x
- $ZAILGO - 20m to 96m --> 5x
- $AUDIT - 3m to 36 --> 12x

There going to be multiple fat runners soon, we will catch most of them if not all.",-1002243200666
2025-01-10 19:10:32+00:00,Finally $STEALTH moving again,-1002243200666
2025-01-10 18:17:04+00:00,Dev sold,-1002243200666
2025-01-10 18:13:00+00:00,"It's also somehow connected to the DUNA act, if you remember an unofficial coin named after it went to 25m. 

https://duna-ai.com/audits/#",-1002243200666
2025-01-10 18:10:17+00:00,https://x.com/DUNA_AI_DAO/status/1877770306313404921,-1002243200666
2025-01-10 18:09:22+00:00,"Apparently team has just got Microsoft founders hub grant of 250K$ for first voice assistant on solana, and they plan to release it in few hours. 

```9re9eKMd39Aaanm8wgFKmLXNVX3ukS5gK4J5aCJepump```",-1002243200666
2025-01-10 17:51:16+00:00,GM,-1002243200666
2025-01-10 13:59:15+00:00,"I feel $LLM will be a good hedge against the market, let‚Äôs see.",-1002243200666
2025-01-10 13:41:37+00:00,Was wrong,-1002243200666
2025-01-10 13:35:26+00:00,"On another note, I‚Äôve added a lot to my $LLM bag 

I believe fartcoin cabal will send this to 500m minimum",-1002243200666
2025-01-10 13:32:44+00:00,"Bull run intact boys 

Data was good",-1002243200666
2025-01-10 13:22:29+00:00,"5x so far $OS 

higher",-1002243200666
2025-01-10 13:21:20+00:00,Hearing $LLM cabal is buying,-1002243200666
2025-01-10 13:17:18+00:00,"Oh this is also from $LLM deployer but he sold. Again. 

Send it",-1002243200666
2025-01-10 13:15:05+00:00,"https://x.com/missoralways/status/1877705615683850370?s=46

Smash here and I‚Äôll pick one to join the private",-1002243200666
2025-01-10 13:13:37+00:00,Slut is doing well,-1002243200666
2025-01-10 12:42:26+00:00,"150k $OS

`jLT9ms6auFWuVM8a4YySJhUkFW64bLJEjzoKbstpump`",-1002243200666
2025-01-10 12:41:55+00:00,I have a low cap degen that made me laugh so I aped,-1002243200666
2025-01-10 12:32:47+00:00,"$LLM holding 100-120M floor strong 

Might actually run to 1b",-1002243200666
2025-01-10 12:16:18+00:00,`F9GqoJRPzQnGzvP7cQzLHB7C22DToHQYWfsPvhKwqrpC`,-1002243200666
2025-01-10 12:15:51+00:00,"Aped a big bag here $FREGO

AI Agent platform whose token went live even before $AI16z. 

The dev has been building nonstop for the past 3 to 3-4 months.

Their AI agent platform is live, and they built the first-ever Swarms Bridge. Yet, it's sitting at $10M FDV.

Could become the next $PIPPIN 

Also followed by Shaw 

https://x.com/getfrego?s=21",-1002243200666
2025-01-10 12:02:11+00:00,"Reminder: always verify my @ and beware of scammers 

I don‚Äôt have any paid groups or degen channel

Owner: @missoralways 
https://x.com/missoralways",-1002243200666
2025-01-10 12:00:21+00:00,,-1002243200666
2025-01-09 23:35:51+00:00,Soon,-1002243200666
2025-01-09 23:33:30+00:00,Lawsuit incoming,-1002243200666
2025-01-09 23:22:12+00:00,Phantom committing crimes,-1002243200666
2025-01-09 21:04:55+00:00,NGL PA looks farmy as fuck,-1002243200666
2025-01-09 20:49:04+00:00,It‚Äôs too big brain for most to understand but an official ai16z partner means something,-1002243200666
2025-01-09 20:46:38+00:00,Pretty sure it‚Äôs going 50m in an hour,-1002243200666
2025-01-09 20:44:58+00:00,"so stealth actually run a really good game on roblox right now, it's the squid game 2 one, its played by people like ishowspeed ect",-1002243200666
2025-01-09 20:44:33+00:00,Please 100m,-1002243200666
2025-01-09 20:44:31+00:00,Founder just doxxed as well,-1002243200666
2025-01-09 20:38:49+00:00,"It‚Äôs not an average agent coin, it‚Äôs a infrastructure coin.",-1002243200666
2025-01-09 20:37:38+00:00,"They reposted too

https://x.com/stealthsdk/status/1877449872598515884?s=46",-1002243200666
2025-01-09 20:36:06+00:00,Official ai16z partnership,-1002243200666
2025-01-09 20:35:57+00:00,"Might be today‚Äôs giga runner 

`BUfMXdTHqKGVztQjYRB2b4v7EKAv4cheMg8Uu16Npump`",-1002243200666
2025-01-09 15:21:58+00:00,"I soft shilled $CPAI a few days ago. 

Despite the market nuke, it‚Äôs holding impressively strong. It‚Äôs a doxxed team and has an irl company too. 

It‚Äôs AI + Crypto tax and auditing

If you want to park your ETH somewhere, $CPAI is the best bet right now. 

https://x.com/officialcpai 

CA: `0x6ef69Ba2d051761aFD38F218F0a3cF517D64A760`",-1002243200666
2025-01-09 15:17:45+00:00,"If you are a real serious developer, and are building something unique or practical but don‚Äôt know how to get the right eyes on your project or team. 

My DMs are always open. Will help you with all the resources I have at my disposal. 


I don‚Äôt do paid promos, but always willing to help legitimate teams.",-1002243200666
2025-01-09 14:19:06+00:00,See you guys in 2028,-1002243200666
2025-01-09 14:19:01+00:00,185.97$,-1002243200666
2025-01-09 13:03:52+00:00,https://x.com/iotex_io/status/1877230665185505375?s=46,-1002243200666
2025-01-09 13:00:40+00:00,"Shaw just reposted it too

https://x.com/dr_andrewlaw/status/1877167003917758687?s=46",-1002243200666
2025-01-09 12:58:55+00:00,"Also I think this is alpha based on on-chain digging 

`CXPLyc3EX8WySgEXLbjhuA7vy8EKQokVJYQuJm2jpump

24m `right now",-1002243200666
2025-01-09 12:25:01+00:00,"You‚Äôre not controlling a virtual robot via their website 

It‚Äôs a physical real robot",-1002243200666
2025-01-09 12:18:28+00:00,Also you can control the robot on their website,-1002243200666
2025-01-09 12:16:53+00:00,"First runner tech always runs hard when it comes to AI coins

Only a matter of when people find out how",-1002243200666
2025-01-09 12:14:15+00:00,"AlphaDAO candle 

Early as always, this one can prob run to 25-50m too with regular updates from team",-1002243200666
2025-01-09 12:12:19+00:00,"Okay wow - $ANTRO is a PhysicalAI tech and it‚Äôs real team is legit (from what I see)

was also mentioned by nvidia CEO recently 

https://www.inc.com/ben-sherry/why-nvidias-jensen-huang-is-so-bullish-on-physical-ai-and-robots/91104573",-1002243200666
2025-01-09 12:09:09+00:00,"Aped $ANTRO 

Don‚Äôt understand their tech but quant said they are first movers in some human robot thing lol

`DMNmNvEAx3ajXBgcqELPhyZT8kzUh4KxzRzF1f96pump`

https://antro.one/

If you understand better, DM me.",-1002243200666
2025-01-09 11:52:19+00:00,https://x.com/missoralways/status/1877322319636410694?s=46,-1002243200666
2025-01-09 11:23:47+00:00,6m to 130m ‚Äî> 21x on $LLM,-1002243200666
2025-01-09 02:17:36+00:00,"Gambled here | AIXBT shill

https://i.fixupx.com/aixbt_agent/status/1877170216519741876

`AcAC98WwUb43ydXA6JxdXmi3rfoHcA1KXxwBny2Zpump`",-1002243200666
2025-01-09 00:52:30+00:00,"2x on size again, congratulations.",-1002243200666
2025-01-09 00:37:33+00:00,40m wtf lol,-1002243200666
2025-01-09 00:35:49+00:00,"Lets go another LLM type run? 

$FATCOIN 

Shaw shill: https://x.com/shawmakesmagic/status/1877150821466472839

```DqQEriZLHtxk4D9gmufoTL4bZkcpw5Rs5ZrQuGoFpump```",-1002243200666
2025-01-08 19:02:32+00:00,"AFK for sometime but wow $LLM hit 90m at ATH 

6m to 90m in a few hours, just the kind of trades that compound your port.",-1002243200666
2025-01-08 15:12:14+00:00,"Many DMs about $GNZ 

So yes I‚Äôm holding full bag and it‚Äôs more like an investment for me. 

100m is my TP.",-1002243200666
2025-01-08 13:24:38+00:00,"6 figs on a gamble is crazy 

6m to 70m ‚Äî> $LLM",-1002243200666
2025-01-08 12:58:50+00:00,"45m $LLM 

What a cook",-1002243200666
2025-01-08 12:30:18+00:00,"$LLM - 5x on size with thesis 

AlphaDAO Captial",-1002243200666
2025-01-08 12:03:07+00:00,6m to 20 ‚Äî> 3x $LLM,-1002243200666
2025-01-08 11:52:38+00:00,"$LLM 

Thesis: Next fartcoin 

```98mb39tPFKQJ4Bif8iVg9mYb9wsfPZgpgN1sxoVTpump```",-1002243200666
2025-01-08 11:48:57+00:00,"next fartcoin gg 

https://x.com/himgajria/status/1876958523902337105",-1002243200666
2025-01-08 11:48:11+00:00,Please be the next cabal scam to pump to 100m,-1002243200666
2025-01-08 11:47:58+00:00,11m already wild,-1002243200666
2025-01-08 11:44:48+00:00,"gambled here 

```98mb39tPFKQJ4Bif8iVg9mYb9wsfPZgpgN1sxoVTpump```

https://x.com/himgajria/status/1876956752547082620",-1002243200666
2025-01-07 21:40:53+00:00,"$GNZ x WINTERMUTE 

https://x.com/gainzdotxyz/status/1876745243485237563",-1002243200666
2025-01-07 21:25:22+00:00,yeah should've sticked to it,-1002243200666
2025-01-07 21:24:19+00:00,wow dev sold while being live,-1002243200666
2025-01-07 21:18:54+00:00,"Watching this doxxed live dev $NEST 

```HcR4APf8Rbm9aUdPbwKA4mz7AfF7AcXeW2FTTP1pump```

https://x.com/i/broadcasts/1YqxovAndzlJv",-1002243200666
2025-01-07 21:13:31+00:00,"Larpy but I punted 

DYOR 

https://x.com/zados_sol/status/1876734894824358003",-1002243200666
2025-01-07 21:12:21+00:00,MLG dev launching pf coins?,-1002243200666
2025-01-07 21:07:04+00:00,200k to 1m ‚Äî> 5x on $YAP,-1002243200666
2025-01-07 21:01:24+00:00,$YAP is a better ticker,-1002243200666
2025-01-07 21:00:30+00:00,"3x on a dead day, congrats investors.",-1002243200666
2025-01-07 20:57:18+00:00,"Also small gamble here too 

```7U1C7WYBwP68GiChF9mYeVcKptAmfwc3aaTnpbS9pump```",-1002243200666
2025-01-07 20:54:33+00:00,"X tweet is the same as Elon tweet 

Elon might interact anyway individually too",-1002243200666
2025-01-07 20:52:32+00:00,"Aped $NUB

last time X tweeted a memecoin was moodeng before it blew it 

https://x.com/x/status/1876732264656019766?s=46

`GtDZKAqvMZMnti46ZewMiXCa4oXF4bZxwQPoKzXPFxZn`",-1002243200666
2025-01-07 20:46:54+00:00,"$GNZ dips are gifts 

https://x.com/0xelonmoney/status/1876714713628971406?s=46

Here‚Äôs the founder‚Äôs interview with SendAi dev as well 

https://x.com/nyxnolimits/status/1876690759941865797?s=46",-1002243200666
2025-01-07 20:16:46+00:00,"Not apeing anything much today, too many farms and well planned rugs happening.

https://x.com/rewkang/status/1876701509825835332?s=46

The future is bright, don‚Äôt lose your precious solamis.",-1002243200666
2025-01-07 12:33:34+00:00,"**1 SOL to 6 people **

To participate in the giveaway 

Follow: https://x.com/missoralways
Subscribe: https://t.me/missorplays

That‚Äôs all, will announce winner in 24 hours.",-1002243200666
2025-01-07 12:30:48+00:00,"Thanks for 6666 subscribers 

Will do a small giveaway as a token of appreciation",-1002243200666
2025-01-07 12:14:35+00:00,"I will have giga alpha soon. On Solana. 

Nobody will share it before me.",-1002243200666
2025-01-07 11:08:55+00:00,GM,-1002243200666
2025-01-06 23:28:57+00:00,doing decent,-1002243200666
2025-01-06 22:46:38+00:00,Added more to my $GNZ bag today and also some $CPAI on ETH,-1002243200666
2025-01-06 22:46:25+00:00,"Today is farmy as fuck, larp shit going straight to 3m and dying and semi decent stuff dying.",-1002243200666
2025-01-06 22:37:04+00:00,"GitHub is also decent and not larpy, so far looks legit. Was able to create an agent on their website in a few minutes too,",-1002243200666
2025-01-06 22:34:25+00:00,"Team Tokens locked for 1 year!

https://solscan.io/tx/46wf982BhzDZnLmN43qviNMsVqsM9osVSYnkC3EMoc3TPHpk7MjiChygS5A7o5BpFmdtSAwvXGNq1uq5TgEuZYLz",-1002243200666
2025-01-06 22:32:39+00:00,"Watching this, asking a dev friend to check if it‚Äôs legit. 

`B7D6yG93e4dNArwQ7SWJFwEbd7z2uBNSuji8oY9Hpump`",-1002243200666
2025-01-06 20:32:55+00:00,,-1002243200666
2025-01-06 20:32:20+00:00,$GNZ bros,-1002243200666
2025-01-06 20:32:17+00:00,"https://x.com/CookerFlips/status/1876364352183509098

Fked up a lot of size plays lately hoping I do this right",-1002243200666
2025-01-06 20:25:26+00:00,$BRUV is the $DOGE (department of government efficiency) of Tate's Party,-1002243200666
2025-01-06 20:24:55+00:00,"Its official 

https://x.com/issathecooker/status/1876362990947016709

Does not get more legit than this",-1002243200666
2025-01-06 20:19:49+00:00,official now lfg,-1002243200666
2025-01-06 20:19:46+00:00,"scammers updated the dexscreener to a drainer before so new links: 
tg: https://t.me/BRUVsolana
twitter: https://x.com/solanaBRUV",-1002243200666
2025-01-06 20:18:37+00:00,https://x.com/Cobratate/status/1876358053315928097,-1002243200666
2025-01-06 19:49:25+00:00,Still convinced the 6m one is his but lets see,-1002243200666
2025-01-06 19:46:38+00:00,https://x.com/issathecooker/status/1876349163354665436,-1002243200666
2025-01-06 19:46:11+00:00,"There's another BRUV that launched where Issa is the top holder (was sent supply, didn't ape) 

watching to see if he sells or holds",-1002243200666
2025-01-06 19:14:12+00:00,anyone knows issa's @,-1002243200666
2025-01-06 19:05:28+00:00,"I think $BRUV might actually be the best tate coin narrative so far

Earlier with DADDY it wasn't anything of substance. Just a meme. 

But if he actually endorses and adopts $BRUV, I think it can run 100m or so narrative wise. 

Elon and Trump are his friends and will also potentially mention BRUV somewhere",-1002243200666
2025-01-06 18:36:00+00:00,BRUUUUUUUUUUUUUUVVVVVVVVVV,-1002243200666
2025-01-06 18:22:54+00:00,"Tate coins are usually always PNDs 

Don't marry your bags, trade it.",-1002243200666
2025-01-06 18:19:41+00:00,2m to 8m ‚Äî> $BRUV,-1002243200666
2025-01-06 18:13:38+00:00,5m gg,-1002243200666
2025-01-06 18:13:36+00:00,Issa (Tate's quant) aped it too,-1002243200666
2025-01-06 18:11:09+00:00,"Deleted it, found out theres already a bigger one.

nFXLang7pEKP9gyEmkuVhGTByhPd3Soa1pA7Q8Lpump",-1002243200666
2025-01-06 17:37:48+00:00,Curating all the alpha here for you guys to build conviction,-1002243200666
2025-01-06 17:37:36+00:00,https://x.com/0xGumshoe/status/1876305055735038386,-1002243200666
2025-01-06 17:34:10+00:00,https://x.com/0xelonmoney/status/1876246563582058518,-1002243200666
2025-01-06 17:32:37+00:00,"$GNZ founder is speaking in the $BIO spaces 

https://x.com/i/spaces/1jMJgBeOmXlGL",-1002243200666
2025-01-06 17:18:54+00:00,"If you are sidelined on $GNZ 

I request you to again go through what it is and what they are building AND who is backing it 

https://x.com/missoralways/status/1876023214092046659",-1002243200666
2025-01-06 15:55:26+00:00,"Already up 30% from entry

After what Shaw did to Hyper, I won‚Äôt fade anything that‚Äôs sub 50m and has solid partnership with Eliza 

Hyper went to 300m after Shaw shill",-1002243200666
2025-01-06 15:49:31+00:00,https://x.com/shawmakesmagic/status/1876290825665266084?s=46,-1002243200666
2025-01-06 15:48:53+00:00,"Size play. Will be 2-5x mid term for sure.

Ai16z partnership 

`AsyfR3e5JcPqWot4H5MMhQUm7DZ4zwQrcp2zbB7vpump`",-1002243200666
2025-01-06 10:59:02+00:00,"$GNZ AMA today 

https://x.com/pulsenolimits/status/1876203541863305640?s=46",-1002243200666
2025-01-06 10:28:35+00:00,"Again just a gamble, don‚Äôt marry your bags on this one. 

Estee itself is not mooning lol",-1002243200666
2025-01-06 10:08:17+00:00,"I gambled some on ETH

Shiba Inu‚Äôs daughter

`0xd2dc8ecd7d57c862d8b27361a444bf37c350ac3a`",-1002243200666
2025-01-05 23:20:01+00:00,product is the coin,-1002243200666
2025-01-05 23:04:30+00:00,2m to 6.5m ‚Äî> 3x $DST,-1002243200666
2025-01-05 22:56:25+00:00,"gonna monitor him, if he takes ownership or posts ca will confirm legit.",-1002243200666
2025-01-05 22:55:59+00:00,https://x.com/0xLamps/status/1876037518896124316,-1002243200666
2025-01-05 22:53:08+00:00,https://x.com/0xLamps interesting interaction,-1002243200666
2025-01-05 22:51:56+00:00,"Consider a gamble for now, doing due diligence. 

```He2q1MJT5PkKetn3peyEnn2VCSGharjSJMM3YXhGpump```",-1002243200666
2025-01-05 22:15:55+00:00,"Dev is indeed cracked 

https://www.youtube.com/watch?v=6dQmsFbPcOo",-1002243200666
2025-01-05 22:04:36+00:00,"Another one from SuperTeam's head 

https://x.com/ArchTol/status/1875998925653672432",-1002243200666
2025-01-05 22:03:21+00:00,"$GNZ is also a IRL tech/consumer AI company. Also the only one in my knowledge to have raised funds from some reputed VCs and crowdfunds (details in the below mentioned tweet)

https://x.com/resaang/status/1876000366455906360",-1002243200666
2025-01-05 21:50:07+00:00,"Please smash here 

https://x.com/missoralways/status/1876023214092046659

Will pick a few for some SOL too",-1002243200666
2025-01-05 21:42:31+00:00,"UPONLY.EXE - What a chart 

Part of the reason might be because approx 50% supply is locked/not circulating",-1002243200666
2025-01-05 21:22:24+00:00,"https://x.com/PulseNoLimits/status/1876004637381419385

Backed by Pulse (Solana and Monad)",-1002243200666
2025-01-05 20:05:09+00:00,"Huge green flag lol

https://x.com/nyxnolimits/status/1875988187153404075?s=46",-1002243200666
2025-01-05 19:08:50+00:00,"$GNZ is the next Griffian/Swarms but better 

Toly shill soon imo",-1002243200666
2025-01-05 19:07:22+00:00,"$GNZ 

gAInz is a swarm of AI agents, each designed for a specific purpose of 10xing your health, career, and productivity

‚Ä¢ Founder is doxxed 
‚Ä¢ 1st prize at the Solana UK hackathon 
‚Ä¢ 1st prize at Solana London Hacker House 
‚Ä¢ Runner up at first Alliance Hackathon 
‚Ä¢ 5 months in the making with a huge team 
‚Ä¢ 1.8m raised from Toly and other big backers",-1002243200666
2025-01-05 19:00:52+00:00,"Fastest 4x on infinite LP 

$GNZ",-1002243200666
2025-01-05 18:58:40+00:00,"Speedrun, 30m already. GG.",-1002243200666
2025-01-05 18:45:48+00:00,"See you at 100m

https://x.com/NyxNoLimits/status/1875974688402448840",-1002243200666
2025-01-05 18:40:50+00:00,"Aped hard 

FFgfStKwuF3DSxEeogA69FNkPrkb7XDA5Tw29TBEpump

Alpha",-1002243200666
2025-01-05 18:25:52+00:00,Good one brother,-1002243200666
2025-01-05 17:58:44+00:00,Gem soon,-1002243200666
2025-01-05 17:14:53+00:00,"GM

2.5m to 20m ‚Äî> 8x on size $ASHA",-1002243200666
2025-01-05 10:19:40+00:00,"Smash 

https://x.com/missoralways/status/1875849528655634603?s=46",-1002243200666
2025-01-05 10:08:01+00:00,$ASHA 14m,-1002243200666
2025-01-05 08:35:14+00:00,2.5m to 7m $ASHA,-1002243200666
2025-01-05 08:15:09+00:00,"Huge narrative 

Would‚Äôve been 10m already if not for PF participants 

Seems most are out now, gonna hold this one.",-1002243200666
2025-01-05 08:06:29+00:00,"Info on what Asha is 

https://x.com/kevin__russell/status/1875770171593568567?s=46",-1002243200666
2025-01-05 07:57:17+00:00,,-1002243200666
2025-01-05 07:56:34+00:00,"`45ZAM7JK8ZGHuBQiJ8kvhdiVdiQGsTQGgt3gRAEQpump

https://x.com/kevin__russell/status/1875812900956447069?s=46`",-1002243200666
2025-01-04 19:49:27+00:00,https://github.com/EVMai-ai/snooai_public,-1002243200666
2025-01-04 19:46:49+00:00,Cfvf37mtuLiH52sWr91Ao1Kfzdsdh7U3ghvhwp57pump,-1002243200666
2025-01-04 19:46:44+00:00,"A predicted it 

https://x.com/snoo_ai/status/1875629091023679989",-1002243200666
2025-01-04 19:19:53+00:00,"I suppose they plan to launch their own coin soon based off this tweet

https://x.com/EVM_ai/status/1875376414679298443",-1002243200666
2025-01-04 19:05:48+00:00,"Dev is fully out and also first one deployed, if there is gonna be a runner its this one.",-1002243200666
2025-01-04 19:02:43+00:00,"gambled 

```2JSk352oZZ19hdSwybsgLG6APtuunYSmuRpKUKS2pump```

50% sent to them i guess

https://x.com/snoo_ai/status/1875616360509927859",-1002243200666
2025-01-04 09:51:40+00:00,"Prophecy has been made 

https://x.com/theunipcs/status/1875464863859847448?s=46

$SOL",-1002243200666
2025-01-04 06:52:22+00:00,Cooking,-1002243200666
2025-01-04 06:15:43+00:00,Hearing alpha soon,-1002243200666
2025-01-04 05:15:34+00:00,Hit 90m at ATH,-1002243200666
2025-01-04 02:11:46+00:00,"$MATTHEW hit a new ATH earlier 

Team made contact with one of the original journalist that covered the news. And also working on getting a formal collaboration in place.",-1002243200666
2025-01-04 01:35:06+00:00,"Aped hard

`92crE7qiX5T7VtiXhCeagfo1E81UtyguiXM7qCi7pump`",-1002243200666
2025-01-03 19:55:43+00:00,Preview of tool,-1002243200666
2025-01-03 19:54:38+00:00,"The smartest people are those who sell shovels in a gold rush 

Which is why I aped $GWIZ

Tool to filter larps and fake AI GitHub‚Äôs, practical and necessary use case. Being used by many people already. 

They dropped a token.

`9WJEwMzcsZTG2HedanrbTrScZfeo3yraZxt4B4nXpump`",-1002243200666
2025-01-03 18:26:43+00:00,"News rolling in 

https://x.com/realDailyWire/status/1875241570313891881

Team made a website too: https://matthewjustice.xyz/",-1002243200666
2025-01-03 16:19:24+00:00,Reminds me of slopfather,-1002243200666
2025-01-03 16:19:19+00:00,"They won a grant from Solana. 

Affiliated with $blinks

More info on dev/team 

https://x.com/matty_solana/status/1873707043955028060?s=46",-1002243200666
2025-01-03 16:15:53+00:00,"Big rumours, digging now.",-1002243200666
2025-01-03 16:15:47+00:00,`7uCHQdxAz2ojRgEpXRHas1nJAeTTo9b7JWNgpXXi9D9p`,-1002243200666
2025-01-03 15:09:59+00:00,"should run 

https://x.com/cicici__ci/status/1875192409249960422",-1002243200666
2025-01-03 15:06:06+00:00,"Gitcon dev 

```8ARrWwMMf3bLPrkAUdHfM7WmGkkUoB6CwCfooijypump```",-1002243200666
2025-01-03 13:37:48+00:00,https://x.com/introvertmac007/status/1875174201801535951,-1002243200666
2025-01-03 13:37:46+00:00,SELL,-1002243200666
2025-01-03 13:36:27+00:00,Only reason I called it here was because of this,-1002243200666
2025-01-03 13:32:57+00:00,Avoid apeing size till the 60% is confirmed by the dev officially,-1002243200666
2025-01-03 13:20:58+00:00,"https://x.com/introvertmac007/status/1875165448431648983

60% wallet apparently is the dev and he said he won‚Äôt sell

But again be careful",-1002243200666
2025-01-03 13:20:28+00:00,`4wdQ6Y7v6oiqG3zaMEn5gtP5sEzRuXMBem3tMduWRpmN`,-1002243200666
2025-01-03 11:44:08+00:00,"https://x.com/PassepartoutBot

Twitter has CA in bio and followed by both 

- Hopper VP (dev)

- Visa's head of crypto",-1002243200666
2025-01-03 11:39:21+00:00,"He can't rug it too, since he is doxxed and works for a US registered org",-1002243200666
2025-01-03 11:37:23+00:00,1.4m,-1002243200666
2025-01-03 11:37:10+00:00,Also built on TopHat framework $HAT,-1002243200666
2025-01-03 11:33:28+00:00,This is the tweet he deleted,-1002243200666
2025-01-03 11:29:54+00:00,"Hopper is a huge company 

VP launches a token and sitting at 1m?",-1002243200666
2025-01-03 11:26:44+00:00,https://x.com/ani_malkani,-1002243200666
2025-01-03 11:25:47+00:00,[üê¶](https://fxtwitter.com/ani_malkani/status/1875134667374170190) **Jerome**: [tweet from ani_malkani](https://x.com/ani_malkani/status/1875134667374170190) [‚ôªÔ∏è](https://t.me/RickBurpBot?start=twit-ani_malkani) [‚ÑπÔ∏è](https://t.me/RickBurpBot?start=moni-ani_malkani),-1002243200666
2025-01-03 11:25:36+00:00,"```NHYzz3XNA4QJHwo8e25jG3Zz9xvLqPh1VMCfTH5uhat```

Hopper VP behind this and acknowledged it too but deleted the tweet",-1002243200666
2025-01-03 00:36:57+00:00,"Will let the team cook now 

https://x.com/JusticeMattSol/status/1874977926401442223

Entries are golden and the narrative will catch mainstream attention soon, expect Elon to tweet a few times a day minimum as he does now.",-1002243200666
2025-01-03 00:24:09+00:00,"CTO in place, being led by a 70m prev dev. 

Good guy and persistent",-1002243200666
2025-01-03 00:16:33+00:00,https://x.com/elonmusk/status/1874925121439477846,-1002243200666
2025-01-03 00:02:42+00:00,"We are always early to narratives 

This one runs to a few million at the least 

$MATTHEW running",-1002243200666
2025-01-02 23:59:07+00:00,"Smash if you are in 

https://x.com/missoralways/status/1874968649930260633",-1002243200666
2025-01-02 23:49:01+00:00,"Reaching out to some chads who can run socials for this one, if anyone wants to lead the community socials HMU.",-1002243200666
2025-01-02 23:41:27+00:00,"Since Elon has personally assembled a private task force to investigate this, he will def post more and talk more about it. 

Might take days to play out.",-1002243200666
2025-01-02 23:39:36+00:00,"Narrative play l $MATTHEW 

This is a similar one to $SUCHIR 

There‚Äôs growing speculation that Matthew Livelsberger, the Army veteran involved in the Tesla Cybertruck explosion near Trump‚Äôs Las Vegas hotel, may have been framed. Family members call him a patriot, and Elon Musk has created a private task force to investigate, hinting at more to this story than meets the eye.

https://x.com/CollinRugg/status/1874924867432439974

https://x.com/nicksortor/status/1874913177479106695

SUPER LOW CAP SO BE INFORMED ITS RISKY. 

```51PMdJJmpkJMi8CxVVm9e1T62a3omZtjLCN81xQupump```",-1002243200666
2025-01-02 20:20:41+00:00,LOCKED IN,-1002243200666
2025-01-02 18:16:59+00:00,State of the trenches,-1002243200666
2025-01-02 15:08:30+00:00,"My beloved coins $MORUD and $AURORA running back again

Love to see it",-1002243200666
2025-01-02 14:44:10+00:00,"Just came back just to see I roundtripped, GG.",-1002243200666
2025-01-02 12:37:12+00:00,"It‚Äôs actually fartcoin equivalent if not better as a narrative. 

Elon created x.ai which powers grok, and then went on to create a meme ‚Äúyo,yo‚Äù as a subdomain of x.ai",-1002243200666
2025-01-02 12:07:34+00:00,Fartcoin of x.ai?,-1002243200666
2025-01-02 12:04:27+00:00,"It‚Äôs legit. 

Moon that",-1002243200666
2025-01-02 12:01:17+00:00,"Gamble here 

Elon‚Äôs new AI subdomain 

https://jf.x.ai

`Aiz2LNty58DHryw1EevBj5PZhyioY1YeXvgGgVLqpump`",-1002243200666
2025-01-02 10:38:06+00:00,Shoutout to Marcell for pushing Pythia,-1002243200666
2025-01-02 10:21:13+00:00,"Also $PYTHIA mooning 

33m",-1002243200666
2025-01-02 09:42:27+00:00,https://www.bloomberg.com/news/articles/2024-11-13/openai-nears-launch-of-ai-agents-to-automate-tasks-for-users,-1002243200666
2025-01-02 09:42:17+00:00,This narrative is the same as $TEE that went to 43m a few months ago,-1002243200666
2025-01-02 09:40:19+00:00,"$OPERATOR - Open AI's AI Agent Tool 

Gamble",-1002243200666
2025-01-02 09:39:56+00:00,C1YneniGY3psbwRRvFg7ReTQSCUsd7D1DdkbJWMppump,-1002243200666
2025-01-02 08:27:30+00:00,"Just need to find legitimate projects early, and sit comfy in them.",-1002243200666
2025-01-02 08:27:04+00:00,"AI trenches are hot as fuck once again, time to lock in.",-1002243200666
2025-01-02 08:06:27+00:00,10x $AUDIT,-1002243200666
2025-01-01 22:55:07+00:00,https://x.com/s0lempire/status/1874551750323319279?s=46,-1002243200666
2025-01-01 22:54:15+00:00,`4XJGLbo4vLWMHqAD28G1ao4L4xijNyfWHBSUFhhxpump`,-1002243200666
2025-01-01 22:50:04+00:00,Aped the next potential $QUANT,-1002243200666
2025-01-01 22:19:03+00:00,In the wrong direction,-1002243200666
2025-01-01 22:16:25+00:00,THE FUCK,-1002243200666
2025-01-01 22:15:56+00:00,WHAT,-1002243200666
2025-01-01 22:14:15+00:00,Going vertical,-1002243200666
2025-01-01 22:11:33+00:00,20x $DUNA,-1002243200666
2025-01-01 21:40:47+00:00,3-4x depending on how quick you were to ape. Concept is really bullish but no info on who the team is yet.,-1002243200666
2025-01-01 21:34:14+00:00,"**NOT** THE PLAY I WAS WAITING FOR, FYI.

Gambled here $DUNA

https://x.com/dunaact/status/1874564857326129355
```FuqTdxZyUpmQX1roVwFPMmJ5hMPkP1QG41JXF8dzpump```",-1002243200666
2025-01-01 19:39:31+00:00,Prepare some SOL,-1002243200666
2025-01-01 13:10:36+00:00,"Was never a fan of clout or numbers, doing this to purge those who are inactive here or don‚Äôt read posts.",-1002243200666
2025-01-01 13:09:45+00:00,There is a purge of those who don't read the feed. Just click the button below to keep the @INOTAROBOT bot from deleting you.,-1002243200666
2025-01-01 12:08:13+00:00,3m ‚Äî> 11m $AUDIT,-1002243200666
2025-01-01 11:43:41+00:00,"Cut this one. Seems people don‚Äôt like this narrative on SOL. 

ETH version is 10m",-1002243200666
2025-01-01 09:04:41+00:00,https://x.com/alx/status/1874348144684867731?s=46,-1002243200666
2025-01-01 08:10:59+00:00,"First ape of the year 

`E7FvTn2cebMVh8mai1qiA93Y5xwMvhHZ8nUxtsYVpump`",-1002243200666
2024-12-31 15:49:45+00:00,"Appreciate each and everyone of you 

https://x.com/missoralways/status/1874120667039490410?s=46",-1002243200666
2024-12-31 04:45:04+00:00,30m,-1002243200666
2024-12-31 04:40:25+00:00,"Purging members that are suspicious via a script, if any real person gets kicked I‚Äôm sorry.",-1002243200666
2024-12-31 03:47:16+00:00,"Anyone knows how to purge botted subs? 

will pay some SOL if someone genuinely helps",-1002243200666
2024-12-31 03:26:29+00:00,uhhh..,-1002243200666
2024-12-31 03:26:25+00:00,https://x.com/wedtm/status/1843702887580610625,-1002243200666
2024-12-31 03:18:00+00:00,"https://x.com/wedtm

dev",-1002243200666
